{
    "experiment_info": {
        "name": "checkpoint_test",
        "epochs": 3,
        "learning_rate": 0.01,
        "timestamp": "2025-12-17T11:40:04.376166"
    },
    "metrics": {
        "train_losses_per_epoch": [
            3.6903265515963235,
            5.1294064323107404,
            4.315621793270111
        ],
        "val_losses_per_epoch": [
            108.3020133972168,
            90.20753002166748,
            29.557471871376038
        ],
        "val_accuracies_per_epoch": [
            0.09375,
            0.046875,
            0.09375
        ],
        "detailed_batch_losses": [
            [
                2.6673617362976074,
                2.2961478233337402,
                2.607828378677368,
                3.1306920051574707,
                3.449751853942871,
                3.3136391639709473,
                3.8811233043670654,
                4.039253234863281,
                2.6866047382354736,
                4.07606315612793,
                4.073012351989746,
                8.062440872192383
            ],
            [
                2.839494228363037,
                4.384672164916992,
                3.2040905952453613,
                4.606042861938477,
                10.75800895690918,
                8.643470764160156,
                6.513494491577148,
                5.340993404388428,
                4.273111343383789,
                3.0427937507629395,
                4.279112815856934,
                3.6675918102264404
            ],
            [
                3.7700161933898926,
                4.7602338790893555,
                4.078848838806152,
                6.524007320404053,
                5.619106292724609,
                4.519773483276367,
                2.5520451068878174,
                5.977108001708984,
                4.093847274780273,
                3.8816025257110596,
                3.8005878925323486,
                2.21028470993042
            ]
        ]
    },
    "summary": {
        "final_train_loss": 4.315621793270111,
        "final_val_loss": 29.557471871376038,
        "final_val_accuracy": 0.09375,
        "best_val_accuracy": 0.09375,
        "best_val_accuracy_epoch": 1
    }
}